Variable,p-value
Diatom,0.05392
Export,0.06073
Iron,0.02731
MLD,0.00006995
Nitrate,0.802
NPP,0.02157
PAR,0.00001376
Sea ice fraction,0.002606
SST,0.00002019
