Variable,p-value
Diatom,0.02754
Export,0.9916
Iron,0.09926
MLD,0.2941
Nitrate,0.5433
NPP,0.4218
PAR,0.00169
SST,0.000021
