Variable,p-value
Diatom,0.000008807
Export,0.00007865
Iron,0.3927
MLD,0.3008
Nitrate,0.05631
NPP,0.0001957
PAR,0.0001422
Sea ice fraction,0.2536
SST,0.07447
